MX,Phishing Domain
lucky-turtle[.]ink,mnda-systems[.]com
,mbd-systems[.]com
,nmbda-systems[.]com
,mbda-ststems[.]com
,mbda-sysrems[.]com
,mbda-saystems[.]com
,mbda-sydstems[.]com
,mbda-systwms[.]com
,mbda-systemd[.]com
,mbda-systmes[.]com
,mbda-systenms[.]com
,mbad-systems[.]com
,mbdfa-systems[.]com
,mbda-sytsems[.]com
,mbda0systems[.]com
,mbda-sytems[.]com
,mbda-aystems[.]com
,mmbda-systems[.]com
,mbda-sysytems[.]com
,mbda-systrems[.]com
,mbda-stystems[.]com
,mbvda-systems[.]com
,mbda-sysrtems[.]com
,mbda-sysems[.]com
,mbda-systyems[.]com
,mbda-systtems[.]com
,mbsa-systems[.]com
,mbda-dystems[.]com
,mbdas-ystems[.]com
,mbdaa-systems[.]com
,mbnda-systems[.]com
,mvbda-systems[.]com
,mbda-sysetms[.]com
,mbda-dsystems[.]com
,mbda-systemsa[.]com
,mbbda-systems[.]com
,mbda-sysyems[.]com
,mbda-sstems[.]com
,mbdsa-systems[.]com
,mbda-0systems[.]com
,mbda-syystems[.]com
,mbd-asystems[.]com
,mbfda-systems[.]com
,mbda-systemas[.]com
,mbda-sdystems[.]com
,mbda-sysstems[.]com
,mbda-ysstems[.]com
,mbda0-systems[.]com
,mbda-syastems[.]com
,mbda-sydtems[.]com
,mbda-ssytems[.]com
,mbda-systewms[.]com
,mvda-systems[.]com
,mbda-syatems[.]com
,mbsda-systems[.]com
,mbda-sustems[.]com
,mbda-sysatems[.]com
,mbda-systemms[.]com
,mbda-systms[.]com
,mbda-systema[.]com
,mbda-systesm[.]com
,bmda-systems[.]com
,mbda-systwems[.]com
,mbda-asystems[.]com
,mba-systems[.]com
,nbda-systems[.]com
,mbda-systens[.]com
,mbda–systems[.]com
,mbda-ystems[.]com
,
rocky-jellyfish[.]biz,qinetq[.]com
,qnietiq[.]com
,qientiq[.]com
,qibnetiq[.]com
,qimnetiq[.]com
,qinteiq[.]com
,qinnetiq[.]com
,qinrtiq[.]com
,qinmetiq[.]com
,qinretiq[.]com
,qinetiwq[.]com
,qineytiq[.]com
,qiinetiq[.]com
,qinettiq[.]com
,wqinetiq[.]com
,qwinetiq[.]com
,qinetyiq[.]com
,qinetioq[.]com
,qoinetiq[.]com
,qinetuiq[.]com
,qinetiqq[.]com
,qinetoiq[.]com
,qinetriq[.]com
,qineiq[.]com
,qinertiq[.]com
,qinetoq[.]com
,qinwetiq[.]com
,qineriq[.]com
,qinetuq[.]com
,qietiq[.]com
,qineetiq[.]com
,qiunetiq[.]com
,qinetiuq[.]com
,qinetqi[.]com
,qibetiq[.]com
,qqinetiq[.]com
,qinbetiq[.]com
,qionetiq[.]com
,qineyiq[.]com
,qinwtiq[.]com
,qinetiiq[.]com
,qimetiq[.]com
,qunetiq[.]com
,qinetiw[.]com
,qinetiqw[.]com
,qinewtiq[.]com
,
don-quixote[.]quest,saabgorup[.]com
,saabbgroup[.]com
,saabgrup[.]com
,saabgroyup[.]com
,saabgroupe[.]com
,saabgrouip[.]com
,saabfroup[.]com
,saabhgroup[.]com
,saabgfroup[.]com
,saanbgroup[.]com
,saabrgoup[.]com
,saabgroiup[.]com
,saabgropu[.]com
,saabgrouup[.]com
,saabgrroup[.]com
,saabgrioup[.]com
,dssbgroup[.]com
,asaabgroup[.]com
,saasbgroup[.]com
,saabgoup[.]com
,saabgruop[.]com
,saavbgroup[.]com
,saaabgroup[.]com
,saabngroup[.]com
,saabhroup[.]com
,saabgtroup[.]com
,saabvgroup[.]com
,saabgtoup[.]com
,saabgeroup[.]com
,saabfgroup[.]com
,sasabgroup[.]com
,saabgropup[.]com
,saabgroupo[.]com
,saabgroupp[.]com
,saabgroip[.]com
,saabgreoup[.]com
,saabggroup[.]com
,ssaabgroup[.]com
,saabgrpoup[.]com
,sdaabgroup[.]com
,saabgrooup[.]com
,saabghroup[.]com
,saabgeoup[.]com
,saabgrpup[.]com
,saabgrtoup[.]com
,saabgroyp[.]com
,saabgrouop[.]com
,saabgriup[.]com
,saabgrouyp[.]com
,dsaabgroup[.]com
,saabroup[.]com
,saagbroup[.]com
,saabgrou[.]com
,saabgrouo[.]com
,barkeroilandegas[.]com
,
rainbow-pony[.]buzz,thsalesgroup[.]com
,htalesgroup[.]com
,thalesgrou[.]com
,thalesagroup[.]com
,ythalesgroup[.]com
,thalesgfroup[.]com
,thalegsroup[.]com
,tyhalesgroup[.]com
,thaleshroup[.]com
,thaleasgroup[.]com
,thjalesgroup[.]com
,trhalesgroup[.]com
,thakesgroup[.]com
,thalesfroup[.]com
,rthalesgroup[.]com
,thalesgrpup[.]com
,thhalesgroup[.]com
,thalesgtroup[.]com
,thalesgrpoup[.]com
,thalesgrouip[.]com
,thalkesgroup[.]com
,thalesghroup[.]com
,thalesgroip[.]com
,thaledgroup[.]com
,thaleagroup[.]com
,rhalesgroup[.]com
,thalwsgroup[.]com
,thalesgroyp[.]com
,thalesdgroup[.]com
,thalesrgoup[.]com
,thalrsgroup[.]com
,thalwesgroup[.]com
,tgalesgroup[.]com
,tjhalesgroup[.]com
,thalesgropu[.]com
,thalesgeroup[.]com
,thalesgreoup[.]com
,thalesgeoup[.]com
,thalesgrouyp[.]com
,thalesgrtoup[.]com
,thalesgroiup[.]com
,thalesgriup[.]com
,thalesgtoup[.]com
,thaleshgroup[.]com
,thaklesgroup[.]com
,tghalesgroup[.]com
,thaslesgroup[.]com
,thalewsgroup[.]com
,thalesggroup[.]com
,thalesgropup[.]com
,thalresgroup[.]com
,thalesgrooup[.]com
,yhalesgroup[.]com
,thalesgroupo[.]com
,thalesgroyup[.]com
,thalesfgroup[.]com
,thaledsgroup[.]com
,thalesgrioup[.]com
,thalersgroup[.]com
,thalesgrouop[.]com
,tjalesgroup[.]com
,thgalesgroup[.]com
,thslesgroup[.]com
,
Sun-flower[.]space,baesystms[.]com
(homepl-mailing[.]com),baewsystems[.]com
,baesysteems[.]com
,baesystemd[.]com
,baesustems[.]com
,baesystemss[.]com
,baesystemns[.]com
,baesystens[.]com
,bvaesystems[.]com
,baseystems[.]com
,baesysrems[.]com
,baesystemsd[.]com
,baesystes[.]com
,baesystrms[.]com
,baesysterms[.]com
,baesystrems[.]com
,baersystems[.]com
,baesystemds[.]com
,baesystema[.]com
,baesystemsa[.]com
,baesyystems[.]com
,baesyastems[.]com
,baesystwems[.]com
,baesystenms[.]com
,baaesystems[.]com
,basystms[.]com
,baesystemas[.]com
,baessytems[.]com
,baesysrtems[.]com
,baesysyems[.]com
,baesystewms[.]com
,baesydtems[.]com
,baedsystems[.]com
,baesuystems[.]com
,baeystem[.]com
,bnaesystems[.]com
,baeysstems[.]com
,baesysatems[.]com
,baesydstems[.]com
,baesytstems[.]com
,baesyustems[.]com
,bsaesystems[.]com
,baesysdtems[.]com
,baeytems[.]com
,baesdystems[.]com
,baesytem[.]com
,baesysetms[.]com
,baessystems[.]com
,baesistems[.]com
,bawesystems[.]com
,baesyatems[.]com
,baesystwms[.]com
,baesystemms[.]com
,baesystesm[.]com
,baeststems[.]com
,baeaystems[.]com
,vbaesystems[.]com
,baestystems[.]com
,baedystems[.]com
,baesystmes[.]com
,nbaesystems[.]com
,baesaystems[.]com
,baesysttems[.]com
,baesystyems[.]com
,baeystems[.]com
,baesysems[.]com
,
yellow-unicorn[.]site,leonadro[.]com
,leonarod[.]com
,leoanrdo[.]com
,leonartdo[.]com
,leonarfdo[.]com
,leronardo[.]com
,leonatdo[.]com
,leonsrdo[.]com
,lwonardo[.]com
,lreonardo[.]com
,lronardo[.]com
,lweonardo[.]com
,lepnardo[.]com
,leponardo[.]com
,leopnardo[.]com
,lleonardo[.]com
,leoonardo[.]com
,leonardfo[.]com
,keonardo[.]com
,leomardo[.]com
,leonbardo[.]com
,eonardo[.]com
,leonarso[.]com
,leonrdo[.]com
,leobnardo[.]com
,leonmardo[.]com
,leomnardo[.]com
,leonaredo[.]com
,leonasrdo[.]com
,leonaardo[.]com
,leonaedo[.]com
,leonarsdo[.]com
,leonarfo[.]com
,leonatrdo[.]com
,leonaerdo[.]com
,lkeonardo[.]com
,leinardo[.]com
,lewonardo[.]com
,leonardso[.]com
,leonardpo[.]com
,leonarddo[.]com
,leonsardo[.]com
,leoinardo[.]com
,
peace-and-love[.]in,rhienmetall[.]com
(monsters-inc[.]tech),trheinmetall[.]com
,rheinmteall[.]com
,rheinmetrall[.]com
,rhrinmetall[.]com
,rheinmertall[.]com
,rheibmetall[.]com
,rheinmetakll[.]com
,rheinmeyall[.]com
,rheiunmetall[.]com
,rjheinmetall[.]com
,rgheinmetall[.]com
,rheimnmetall[.]com
,rheinmetalkl[.]com
,rheinmerall[.]com
,rhgeinmetall[.]com
,hreinmetall[.]com
,rhreinmetall[.]com
,rherinmetall[.]com
,rrheinmetall[.]com
,rhwinmetall[.]com
,rheinmettal[.]com
,rheinmnetall[.]com
,rheinmetaall[.]com
,rhenmetall[.]com
,rheuinmetall[.]com
,rhheinmetall[.]com
,rhweinmetall[.]com
,rheinnetall[.]com
,rheinmetasll[.]com
,rheinmeytall[.]com
,rheinmetallk[.]com
,rheinmmetall[.]com
,rheonmetall[.]com
,rheiinmetall[.]com
,rheinmwetall[.]com
,rhenimetall[.]com
,rheionmetall[.]com
,rgeinmetall[.]com
,rhjeinmetall[.]com
,rheinmetyall[.]com
,rheinmrtall[.]com
,rheinmewtall[.]com
,rheoinmetall[.]com
,rheibnmetall[.]com
,rheinmetsall[.]com
,rheinmwtall[.]com
,rtheinmetall[.]com
,rhewinmetall[.]com
,rheinbmetall[.]com
,rheeinmetall[.]com
,rheinmetlal[.]com
,rheimmetall[.]com
,rheinmetsll[.]com
,rheinmetalll[.]com
,rheunmetall[.]com
,rheinmretall[.]com
,rheinmeall[.]com
,rjeinmetall[.]com
,reheinmetall[.]com
,erheinmetall[.]com
,rheinetall[.]com
,rheinmeetall[.]com
,rheinnmetall[.]com
,rheinmeatll[.]com
,rehinmetall[.]com
,rheinemtall[.]com
,rheinmetll[.]com
,theinmetall[.]com
,
Santa-clause[.]online,palanrir[.]com
(scooby-doo[.]xyz),pzlantir[.]com
,psalantir[.]com
,paslantir[.]com
,paoantir[.]com
,palqntir[.]com
,palzantir[.]com
,palahtir[.]com
,palanti9r[.]com
,palaqntir[.]com
,palanti8r[.]com
,palantoir[.]com
,palan5tir[.]com
,palantior[.]com
,palazntir[.]com
,palantirt[.]com
,palanjtir[.]com
,palanfir[.]com
,palanytir[.]com
,palantrir[.]com
,palangtir[.]com
,palant8ir[.]com
,palantir4[.]com
,pslantir[.]com
,palanyir[.]com
,palanrtir[.]com
,palantirr[.]com
,palant6ir[.]com
,palanti4r[.]com
,palatnir[.]com
,palantyir[.]com
,palajntir[.]com
,paalantir[.]com
,palanti5r[.]com
,palantir5[.]com
,palontir[.]com
,palantiir[.]com
,palsantir[.]com
,palanbtir[.]com
,palantitr[.]com
,palanmtir[.]com
,palanitr[.]com
,palasntir[.]com
,paolantir[.]com
,palantgir[.]com
,palnatir[.]com
,palantifr[.]com
,palabtir[.]com
,palabntir[.]com
,palan6tir[.]com
,palqantir[.]com
,palajtir[.]com
,palantuir[.]com
,oalantir[.]com
,palantif[.]com
,palantire[.]com
,palantur[.]com
,pakantir[.]com
,paantir[.]com
,palamntir[.]com
,palantirf[.]com
,palanhtir[.]com
,palantiur[.]com
,palant9ir[.]com
,paloantir[.]com
,palsntir[.]com
,palangir[.]com
,palantikr[.]com
,palantkir[.]com
,palantkr[.]com
,paqlantir[.]com
,aplantir[.]com
,pzalantir[.]com
,polontir[.]com
,plaantir[.]com
,ppalantir[.]com
,palanntir[.]com
,0palantir[.]com
,poalantir[.]com
,pqlantir[.]com
,pqalantir[.]com
,palzntir[.]com
,paalntir[.]com
,opalantir[.]com
,paklantir[.]com
,palaantir[.]com
,palkantir[.]com
,pazlantir[.]com
,palahntir[.]com
,p0alantir[.]com
,polantir[.]com
,alantir[.]com
,
lucky-guy[.]space,bakartech[.]com
,vaykartech[.]com
,bakyartech[.]com
,bykartech[.]com
,byakartech[.]com
,baykaertech[.]com
,baykartrch[.]com
,baykarterch[.]com
,bayksrtech[.]com
,baykartechg[.]com
,baykattech[.]com
,bayksartech[.]com
,baytkartech[.]com
,baylartech[.]com
,baykarrtech[.]com
,baykartehc[.]com
,baykartecch[.]com
,baykkartech[.]com
,baykrtech[.]com
,baykartevch[.]com
,baykaartech[.]com
,baykartexh[.]com
,baykartecxh[.]com
,bauykartech[.]com
,baykartecjh[.]com
,baykaetech[.]com
,baykarytech[.]com
,baykartevh[.]com
,baykasrtech[.]com
,baykartecj[.]com
,baykjartech[.]com
,baykartceh[.]com
,baykartecgh[.]com
,baykartecvh[.]com
,baykartrech[.]com
,baykarttech[.]com
,baykaretech[.]com
,baykartyech[.]com
,baykartecg[.]com
,baykarrech[.]com
,baykaryech[.]com
,bayjartech[.]com
,batkartech[.]com
,aykartech[.]com
,baykarteech[.]com
,baykartwch[.]com
,baykartewch[.]com
,bayjkartech[.]com
,baykartechj[.]com
,baykartexch[.]com
,baykatrtech[.]com
,bayykartech[.]com
,baykarech[.]com
,baykratech[.]com
,baykartechh[.]com
,baykartec[.]com
,bayakrtech[.]com
,baykarteh[.]com
,baykartwech[.]com
,baukartech[.]com
,baykatrech[.]com
,baycartech[.]com
,basykartech[.]com
,baykaretch[.]com
,batykartech[.]com
,nbaykartech[.]com
,baykartch[.]com
,vbaykartech[.]com
,bayklartech[.]com
,bnaykartech[.]com
,bsykartech[.]com
,abykartech[.]com
,naykartech[.]com
,bsaykartech[.]com
,bayukartech[.]com
,bbaykartech[.]com
,buycartech[.]com
,baaykartech[.]com
,buykartech[.]com
,bvaykartech[.]com
,baylkartech[.]com
,
kroboronprom[.]com,ykroboronprom[.]com
,ukrobronprom[.]com
,iukroboronprom[.]com
,yukroboronprom[.]com
,uukroboronprom[.]com
,ulroboronprom[.]com
,ukroboromprom[.]com
,ukrroboronprom[.]com
,ukronoronprom[.]com
,ukrboronprom[.]com
,ukroboronorom[.]com
,ukroboronpriom[.]com
,ukroboronprpm[.]com
,ukroborobprom[.]com
,ukrobironprom[.]com
,ukeroboronprom[.]com
,ukroboronporm[.]com
,ukrobporonprom[.]com
,ukroiboronprom[.]com
,ukrovoronprom[.]com
,ukroboronrom[.]com
,ukroboronpreom[.]com
,ukroboronprm[.]com
,ukroboronpeom[.]com
,ukropboronprom[.]com
,ukroboreonprom[.]com
,ukrtoboronprom[.]com
,ukroboroinprom[.]com
,ukrooboronprom[.]com
,ukroborponprom[.]com
,ukrobotronprom[.]com
,ukrpboronprom[.]com
,ukroborronprom[.]com
,ukroboeronprom[.]com
,ukroboronpromm[.]com
,ukronboronprom[.]com
,ukroboronoprom[.]com
,ukroborpnprom[.]com
,ukrovboronprom[.]com
,ukroboornprom[.]com
,ukroboronprim[.]com
,ukroboromnprom[.]com
,ukroboronnprom[.]com
,ukrobpronprom[.]com
,ukrobvoronprom[.]com
,ukroboronpprom[.]com
,ukroboronporom[.]com
,ukrooronprom[.]com
,ukroboronperom[.]com
,ukrobroonprom[.]com
,ukrpoboronprom[.]com
,ukrobortonprom[.]com
,ukrobotonprom[.]com
,ukroboronprmo[.]com
,ulkroboronprom[.]com
,ukroboronpom[.]com
,ukroboropnprom[.]com
,ukroboronmprom[.]com
,ukjroboronprom[.]com
,uktroboronprom[.]com
,kuroboronprom[.]com
,ukroobronprom[.]com
,ukroboronpronm[.]com
,uklroboronprom[.]com
,ukroboronbprom[.]com
,ukroboronprtom[.]com
,uykroboronprom[.]com
,uktoboronprom[.]com
,ikroboronprom[.]com
,ukroborobnprom[.]com
,ukkroboronprom[.]com
,ukrobornprom[.]com
,urkoboronprom[.]com
,ukrobnoronprom[.]com
,ukeoboronprom[.]com
,ukrobooronprom[.]com
,ukroborinprom[.]com
,ukrobioronprom[.]com
,ukoboronprom[.]com
,uikroboronprom[.]com
,ukroboeonprom[.]com
,ukriboronprom[.]com
,ujkroboronprom[.]com
,ukreoboronprom[.]com
,ukroboironprom[.]com
,ukrobboronprom[.]com
,ukroborionprom[.]com
,ukroboonprom[.]com
,ukorboronprom[.]com
,ukrbooronprom[.]com
,uroboronprom[.]com
,ukroboronptom[.]com
,ukroboronrpom[.]com
,ukroboronpromn[.]com
,ukroboropnrom[.]com
,ukroboronpro[.]com
,ukroboronprrom[.]com
,ukroboronpron[.]com
,ukroboronpropm[.]com
,ukroboronptrom[.]com
,ukroboroprom[.]com
,ukroboronproim[.]com
,ukroboroonprom[.]com
,ukroboronproom[.]com
,ukroboronprpom[.]com
,ukrobornoprom[.]com
,ujroboronprom[.]com
,ukrioboronprom[.]com
,ukrobopronprom[.]com
,
hungry-shark[.]site,knogsberg[.]com
,kognsberg[.]com
,kongsbreg[.]com
,konfgsberg[.]com
,kongsvberg[.]com
,lkongsberg[.]com
,kongsnberg[.]com
,koongsberg[.]com
,komgsberg[.]com
,komngsberg[.]com
,kongsbergg[.]com
,kongsdberg[.]com
,kongsbverg[.]com
,klongsberg[.]com
,kjongsberg[.]com
,kongasberg[.]com
,kongsbwerg[.]com
,jkongsberg[.]com
,kongsbweg[.]com
,kongfsberg[.]com
,kpngsberg[.]com
,kengsberg[.]com
,kngsberg[.]com
,kongsbewrg[.]com
,kongsbberg[.]com
,kongsnerg[.]com
,kongsbergh[.]com
,kongsbnerg[.]com
,kongberg[.]com
,kongsbegr[.]com
,kongserg[.]com
,jongsberg[.]com
,kongssberg[.]com
,kongsberrg[.]com
,konhgsberg[.]com
,longsberg[.]com
,kongsverg[.]com
,konmgsberg[.]com
,kongbserg[.]com
,kongsberfg[.]com
,kongsbrtg[.]com
,konsgberg[.]com
,konhsberg[.]com
,kongsbetrg[.]com
,kongdsberg[.]com
,kongsbeerg[.]com
,konggsberg[.]com
,kobngsberg[.]com
,konghsberg[.]com
,kongsberf[.]com
,kongsaberg[.]com
,kobgsberg[.]com
,konbgsberg[.]com
,kongdberg[.]com
,kongsberh[.]com
,kongsbergf[.]com
,kongsbertg[.]com
,konngsberg[.]com
,kkongsberg[.]com
,kongsberhg[.]com
,konfsberg[.]com
,koingsberg[.]com
,kpongsberg[.]com
,ongsberg[.]com
,kiongsberg[.]com
,kongsbeg[.]com
,kopngsberg[.]com
,okngsberg[.]com
,kongsbrg[.]com
,kongsber[.]com
,congsberg[.]com
,kogsberg[.]com
,kongaberg[.]com
,kongsebrg[.]com
,
stupid-buddy[.]mom,dassault-aviation[.]co
,dassualt-aviation[.]com
,dassault-aviatoin[.]com
,ddassault-aviation[.]com
,dassaiult-aviation[.]com
,dassault-acviation[.]com
,dassault-aviaytion[.]com
,dassault-aviatiob[.]com
,dassaulyt-aviation[.]com
,dassault-aviatiomn[.]com
,dassault-avviation[.]com
,dassault–aviation[.]com
,dassault-aviatioon[.]com
,dassault-aviatiion[.]com
,dassault-abiation[.]com
,dassault-aviiation[.]com
,dassayult-aviation[.]com
,dassault-avoation[.]com
,dassault-aviayion[.]com
,dassauult-aviation[.]com
,dassault-sviation[.]com
,dassault-aviarion[.]com
,dassault-aviatiuon[.]com
,dassault-aviatopn[.]com
,dassault-viation[.]com
,dsasault-aviation[.]com
,dssault-aviation[.]com
,adssault-aviation[.]com
,fsddsult-aviation[.]com
,dassault-avaition[.]com
,dassault-aviatuin[.]com
,dassault-aviuation[.]com
,dassaulty-aviation[.]com
,dassaultt-aviation[.]com
,dassault-0aviation[.]com
,dassaut-aviation[.]com
,dassault-aviartion[.]com
,dassault-aviaiton[.]com
,dassaulr-aviation[.]com
,dassault-asviation[.]com
,dassault-aviatuion[.]com
,dassault-aviastion[.]com
,dassault-aviatino[.]com
,dassault-aviatipon[.]com
,dassault-aviaion[.]com
,dassault-aviatiom[.]com
,dassault-aviattion[.]com
,dassault-abviation[.]com
,assault-aviation[.]com
,dassault-avioation[.]com
,dassult-aviation[.]com
,dassault-aaviation[.]com
,dassault-avciation[.]com
,dassalut-aviation[.]com
,dassailt-aviation[.]com
,dassault-aviationb[.]com
,dassaulrt-aviation[.]com
,daassault-aviation[.]com
,dassautl-aviation[.]com
,dassaul-aviation[.]com
,dassault-avistion[.]com
,dassault-aviatiobn[.]com
,dassault-aviatin[.]com
,dassault-aivation[.]com
,dasasult-aviation[.]com
,dassault-avuiation[.]com
,dassault-aviationm[.]com
,dassalt-aviation[.]com
,fdassault-aviation[.]com
,dassaylt-aviation[.]com
,dfassault-aviation[.]com
,dassault-aviatyion[.]com
,dassaullt-aviation[.]com
,dassaultr-aviation[.]com
,dassault-aviaton[.]com
,dassault-aviatiopn[.]com
,dassault-avisation[.]com
,dassaulkt-aviation[.]com
,dassauilt-aviation[.]com
,dassauklt-aviation[.]com
,dassault-saviation[.]com
,dassault-avition[.]com
,dassault-aciation[.]com
,dassault0-aviation[.]com
,dassaukt-aviation[.]com
,dassault0aviation[.]com
,dassaault-aviation[.]com
,dassault-vaiation[.]com
,dassaul-taviation[.]com
,dassault-aviationn[.]com
,dassauly-aviation[.]com
,dassault-avbiation[.]com
,dassault-aviaation[.]com
,dassault-aiation[.]com
,dassault-avoiation[.]com
,dassault-avation[.]com
,dassault-avuation[.]com
,dassauylt-aviation[.]com
,dassault-avitaion[.]com
,dassault-aviatrion[.]com
,
space-kitty[.]online,lignnex1[.]com
,lignex21[.]com
,lignext1[.]com
,lignbex1[.]com
,lignx1[.]com
,lignewx1[.]com
,lifnex1[.]com
,kignex1[.]com
,lihgnex1[.]com
,lignez1[.]com
,lighnex1[.]com
,lognex1[.]com
,linex1[.]com
,lignrx1[.]com
,loignex1[.]com
,klignex1[.]com
,liognex1[.]com
,ligex1[.]com
,lignecx1[.]com
,ligmex1[.]com
,ligfnex1[.]com
,ligbnex1[.]com
,ignex1[.]com
,lignex12[.]com
,lginex1[.]com
,ligenx1[.]com
,lignmex1[.]com
,lkignex1[.]com
,ilgnex1[.]com
,lignex2[.]com
,luignex1[.]com
,lugnex1[.]com
,lignexc1[.]com
,liugnex1[.]com
,ligmnex1[.]com
,ligne1x[.]com
,ligbex1[.]com
,lihnex1[.]com
,lignerx1[.]com
,lignec1[.]com
,lignexx1[.]com
,lignxe1[.]com
,lignexz1[.]com
,lignwx1[.]com
,lifgnex1[.]com
,ligneex1[.]com
,lignwex1[.]com
,lignrex1[.]com
,lignex11[.]com
,lignezx1[.]com
,llignex1[.]com
,liggnex1[.]com
,lgnex1[.]com
,liignex1[.]com
,lingex1[.]com