Indicator,Type
106993[.]cc,domain
163i[.]top,domain
16886[.]shop,domain
2345pic[.]com,domain
2345picc[.]com,domain
2345ppic[.]com,domain
2fastclub[.]com,domain
3speru[.]com,domain
45track[.]com,domain
519198[.]asia,domain
5zvnla2i[.]com,domain
7731sy[.]com,domain
789jiasuqi[.]cn,domain
789jiasuqi[.]com,domain
789jsq[.]cn,domain
8318188vip[.]com,domain
abbebuck[.]com,domain
abgqq89[.]com,domain
abilenne[.]com,domain
ablueiris[.]com,domain
abydosnor[.]com,domain
acbatjr[.]com,domain
adaptlf[.]com,domain
adspowerch[.]com,domain
adspowercn[.]com,domain
aicoinch[.]com,domain
aicoincn[.]com,domain
aiz4[.]top,domain
ajeebs[.]com,domain
ajlanda[.]com,domain
alamplay[.]com,domain
aldisaw[.]com,domain
alien1452[.]com,domain
alqard2u[.]com,domain
altqiye[.]com,domain
al-wafe[.]com,domain
amosking[.]com,domain
amydurham[.]com,domain
apremy[.]com,domain
armagem[.]com,domain
arteverto[.]com,domain
artikel2[.]com,domain
arttiko[.]com,domain
asadviser[.]com,domain
asi-bg[.]com,domain
astekz[.]com,domain
aveall[.]com,domain
b3came[.]com,domain
b612az[.]com,domain
bakurov[.]com,domain
bandeorch[.]com,domain
baofyu[.]shop,domain
bart666[.]com,domain
baymur[.]com,domain
bd004[.]cc,domain
bd00u[.]cc,domain
bd08[.]cc,domain
beautiie[.]com,domain
beernw[.]com,domain
beinu1985[.]com,domain
beiscraft[.]com,domain
belbosck[.]com,domain
belcindo[.]com,domain
belulove[.]com,domain
betajbk[.]com,domain
beushin[.]com,domain
bewuko[.]com,domain
beyzaxxl[.]com,domain
bgjsq[.]com,domain
bikesoro[.]com,domain
bitbrowserch[.]com,domain
bitbrowsercn[.]com,domain
bitbrswer[.]top,domain
bitchro[.]top,domain
bjkktools[.]com,domain
blades247[.]com,domain
blog-ch[.]com,domain
bobeyes[.]com,domain
bocahseo[.]com,domain
boksale[.]com,domain
bonedrunk[.]com,domain
boob7[.]com,domain
bossupbu[.]com,domain
bp828[.]com,domain
bpopulr[.]com,domain
brazzx[.]com,domain
brodart01[.]com,domain
bso365[.]com,domain
bt813[.]com,domain
btcwarez[.]com,domain
buenatoma[.]com,domain
bugujiasuqi[.]cn,domain
bugujiasuqi[.]com,domain
bugujsq[.]cn,domain
bunjkar[.]com,domain
buyingzed[.]com,domain
buyndrx[.]com,domain
c4sale12[.]com,domain
cabdtniq[.]com,domain
caioriter[.]com,domain
canoecubs[.]com,domain
car-fuya[.]com,domain
carlnkem[.]com,domain
ccescala[.]com,domain
cchdb[.]com,domain
cchrrome[.]com,domain
cckuik[.]com,domain
cdavisart[.]com,domain
cdeyu[.]top,domain
cekckpom[.]com,domain
cepbaza[.]com,domain
cfbenfica[.]com,domain
cghme[.]top,domain
cgswaps[.]com,domain
ch2lbyz[.]com,domain
ch640[.]com,domain
chaoneka[.]com,domain
chazova[.]com,domain
chilelog[.]com,domain
ch-letsvpn[.]com,domain
chn-safew[.]com,domain
chrom[.]top,domain
chrome-chn[.]com,domain
chrome-googles[.]com,domain
chrome-svip[.]com,domain
chrrme[.]top,domain
chrrome[.]com,domain
chscbd[.]com,domain
ch-vk[.]com,domain
cialisnn[.]com,domain
cialistwo[.]com,domain
cikpinz[.]com,domain
cinetalkz[.]com,domain
cineydvd[.]com,domain
cinnabunz[.]com,domain
cinpbnsd[.]com,domain
cipbtro[.]com,domain
cipipiart[.]com,domain
ckjacob[.]com,domain
clamscams[.]com,domain
clashch[.]com,domain
clash-ch[.]com,domain
clash-chn[.]com,domain
clashcn[.]top,domain
clashcn-xhub[.]com,domain
clashcu[.]com,domain
clashcv[.]com,domain
clashcx[.]com,domain
clasheh[.]com,domain
clashforwindows[.]org[.]cn,domain
clash-github[.]com,domain
clashgitub[.]com,domain
clashgxhub[.]com,domain
clashkc[.]com,domain
clashkh[.]com,domain
clashkk[.]com,domain
clashkn[.]com,domain
clashks[.]com,domain
clashnv[.]com,domain
clashrc[.]com,domain
clashre[.]com,domain
clashrn[.]com,domain
clashru[.]com,domain
clashrv[.]com,domain
clashrx[.]com,domain
clashsa[.]com,domain
clashsc[.]com,domain
clashse[.]com,domain
clashsn[.]com,domain
clashsu[.]com,domain
clashsv[.]com,domain
clashsx[.]com,domain
clashsz[.]com,domain
clashuh[.]com,domain
clashva[.]com,domain
clashvh[.]com,domain
clashvs[.]com,domain
clashvz[.]com,domain
clashxa[.]com,domain
clashxc[.]com,domain
clashxh[.]com,domain
clashxhnb[.]com,domain
clashxhu[.]com,domain
clash-xhub[.]com,domain
clashxub[.]com,domain
clashza[.]com,domain
clashzb[.]com,domain
clashzh[.]cn,domain
clash-zh[.]cn,domain
clashzi[.]com,domain
clashzu[.]com,domain
clashzv[.]com,domain
claudetee[.]com,domain
cmkempe[.]com,domain
cneamexpo[.]com,domain
cn-kuaifan[.]co,domain
cnmdns[.]com,domain
coldam[.]com,domain
comfeey[.]com,domain
comixpo[.]com,domain
compr-app[.]top,domain
coogie[.]top,domain
coogl[.]top,domain
coragre[.]com,domain
coriumhub[.]com,domain
coromade[.]com,domain
courseir[.]com,domain
coy360[.]com,domain
coz-art[.]com,domain
cpgek[.]com,domain
cp-tile[.]com,domain
crackpc4u[.]com,domain
craftsjz[.]com,domain
crazystir[.]com,domain
crmedia88[.]com,domain
crozonia[.]com,domain
csonnet[.]com,domain
cssalive[.]com,domain
css-heepay[.]com,domain
ctlashco[.]com,domain
ctocds[.]com,domain
curzerif[.]com,domain
cxzfg[.]top,domain
cyclesof7[.]com,domain
cyteis[.]com,domain
czclasses[.]com,domain
daegu0409[.]com,domain
dailyexg[.]com,domain
dailypune[.]com,domain
dapaolvye[.]com,domain
dassirose[.]com,domain
daumdtv[.]com,domain
db001[.]vip,domain
dbohrman[.]com,domain
dcedublog[.]com,domain
ddraduga[.]com,domain
ddx779[.]com,domain
deafwax[.]com,domain
debbygray[.]com,domain
dechasico[.]com,domain
denacrain[.]com,domain
denfon[.]com,domain
denjly[.]com,domain
depotdad[.]com,domain
devionity[.]com,domain
deyicx[.]com,domain
dfwcards[.]com,domain
dfyu1[.]top,domain
dfyu2[.]top,domain
dfyu3[.]top,domain
dgpoker88[.]com,domain
dhrjohoc[.]com,domain
dianpingcn[.]com,domain
diaripink[.]com,domain
dicebolsa[.]com,domain
disofts[.]com,domain
diyafeh[.]com,domain
djmisc[.]com,domain
dkkjs1[.]top,domain
dkkjs2[.]top,domain
dkkjs3[.]top,domain
dkkjs4[.]top,domain
dkkjs5[.]top,domain
dkkjs6[.]top,domain
dneero[.]com,domain
dostylish[.]com,domain
douyincs[.]top,domain
dpti-oh[.]com,domain
d-riyadh[.]com,domain
drostalas[.]com,domain
dsp-mdf[.]com,domain
dtdkk1[.]top,domain
eablebike[.]com,domain
earthweal[.]com,domain
easymapsy[.]com,domain
ebwaite[.]com,domain
ecolife23[.]com,domain
eet889[.]com,domain
efx2blogs[.]com,domain
elalijo[.]com,domain
elimiapp[.]com,domain
elissone[.]com,domain
elmanysat[.]com,domain
elosrah[.]com,domain
emmaeluca[.]com,domain
enrichk[.]com,domain
enzopenna[.]com,domain
epiclss[.]com,domain
equigh[.]com,domain
esfumato[.]com,domain
euborders[.]com,domain
eu-islam[.]com,domain
eva-lu[.]com,domain
evnxkqqm[.]com,domain
evtjqfmg[.]com,domain
excognet[.]com,domain
exdergi[.]com,domain
exmail63[.]com,domain
eyy250[.]store,domain
eyy350[.]top,domain
eyysal[.]top,domain
eyyww650[.]top,domain
failsalon[.]com,domain
fallsearth[.]com,domain
fannama[.]com,domain
fashionbf[.]com,domain
fashionbw[.]com,domain
fasimnews[.]com,domain
feed99[.]com,domain
feishux[.]top,domain
fengchijiasuqi[.]cn,domain
fengchijiasuqi[.]com,domain
fengchijsq[.]cn,domain
fengchijsq[.]com,domain
filehilo[.]com,domain
firefoxvn[.]com,domain
fleedy[.]com,domain
flisshill[.]com,domain
flyercy[.]com,domain
fofrerbag[.]com,domain
fornume[.]com,domain
foroateo[.]com,domain
fotobruxo[.]com,domain
foxacadmy[.]com,domain
foxxology[.]com,domain
franpub[.]com,domain
fromsuper[.]com,domain
fszqpack[.]com,domain
ftskco[.]com,domain
fundedinc[.]com,domain
fylfmusic[.]com,domain
galerie53[.]com,domain
games10v[.]com,domain
garyclair[.]com,domain
garyreef[.]com,domain
gavehome[.]com,domain
gelonorte[.]com,domain
genelalor[.]com,domain
geyseroil[.]com,domain
ghhgoqfs[.]com,domain
github-clash[.]com,domain
givois[.]com,domain
glynatsis[.]com,domain
gm227[.]cc,domain
gm229[.]cc,domain
gmdal[.]com,domain
goddytown[.]com,domain
godjs[.]top,domain
goguje[.]top,domain
gomiin[.]com,domain
goodboybo[.]com,domain
goodiefanyi[.]top,domain
goodmanid[.]com,domain
googelchrome[.]com,domain
googlachrome[.]com,domain
googlcchrome[.]com,domain
googleachrome[.]com,domain
googleapp-cn[.]com,domain
googleapps-ch[.]com,domain
googleapps-org[.]com,domain
googlecchrome[.]com,domain
google-chn[.]com,domain
googlechrome-org[.]com,domain
googleechrome[.]com,domain
googlefany[.]com,domain
googlefanyiw[.]top,domain
googlefyi[.]com,domain
googlenchrome[.]com,domain
googleochrome[.]com,domain
googleofanyi[.]com,domain
googlerchrome[.]com,domain
googleschrome[.]com,domain
google-svip[.]com,domain
googletchrome[.]com,domain
googlevchrome[.]com,domain
google-windows[.]com,domain
googlexchrome[.]com,domain
googleylq[.]top,domain
googlezchrome[.]com,domain
googlgchrome[.]com,domain
googlhchrome[.]com,domain
googlkchrome[.]com,domain
googlnchrome[.]com,domain
googlochrome[.]com,domain
googlofanyi[.]com,domain
googluchrome[.]com,domain
googolchrome[.]com,domain
goollfanyi[.]com,domain
gotuneapp[.]top,domain
gouglechrome[.]com,domain
grandheur[.]com,domain
gratismad[.]com,domain
gravytoys[.]com,domain
greenjiasuqi[.]cn,domain
greenjiasuqi[.]com,domain
grfail[.]com,domain
grille91[.]com,domain
grimytee[.]com,domain
gtavcrack[.]com,domain
guanfangkuailian[.]net,domain
gudgjk1[.]top,domain
gudgjk2[.]top,domain
guegsj1[.]top,domain
guegsj2[.]top,domain
gugeej1[.]top,domain
gugeej2[.]top,domain
guidezmoi[.]com,domain
gulasage[.]com,domain
gummyband[.]com,domain
guoglechrome[.]com,domain
guuglechrome[.]com,domain
gwynhug[.]com,domain
gxmxm[.]com,domain
hair-ac[.]com,domain
halojin[.]com,domain
hanaialii[.]com,domain
harinita[.]com,domain
haruyd[.]com,domain
hayleyma[.]com,domain
hdehomem[.]com,domain
hdzfmelf[.]com,domain
hellow0rid[.]net,domain
helloworid[.]org,domain
herbalmc[.]com,domain
herikrc[.]com,domain
herowner[.]com,domain
heycavey[.]com,domain
hfbba[.]top,domain
hgsjl[.]cc,domain
hgvbj[.]shop,domain
higo063[.]com,domain
hihirvi[.]com,domain
hipertela[.]com,domain
hishositu[.]com,domain
hitomu[.]com,domain
hjasgs[.]cc,domain
hnepay[.]top,domain
hnprofile[.]com,domain
hnthold[.]com,domain
holatropy[.]com,domain
homeapet[.]com,domain
homemnerd[.]com,domain
hone88[.]com,domain
hongstr[.]com,domain
hoorong[.]top,domain
hoostpin[.]com,domain
howtoaide[.]com,domain
hrsd1[.]top,domain
hrsd2[.]top,domain
hrsd3[.]top,domain
hrxxlight[.]com,domain
hsher[.]com,domain
htbonding[.]com,domain
htphockey[.]com,domain
huemirae[.]com,domain
huizhas[.]com,domain
hungryc[.]com,domain
huodanxia[.]com,domain
huooron[.]top,domain
huuron[.]top,domain
huurongs[.]top,domain
hwbutin[.]com,domain
hyprobiz[.]com,domain
i4apis[.]top,domain
i4tools8[.]com,domain
i4tools9[.]com,domain
i4toolss[.]com,domain
i4z[.]xyz,domain
ibnbadawy[.]com,domain
ideakhmer[.]com,domain
idealuv[.]com,domain
ideish[.]com,domain
iegbest[.]com,domain
ifhat[.]com,domain
igetworld[.]com,domain
illeatyou[.]com,domain
ilner[.]top,domain
ilrne[.]top,domain
imagesfox[.]com,domain
imzakizin[.]com,domain
indian19[.]com,domain
indytosee[.]com,domain
info3rb[.]com,domain
insuara[.]com,domain
iolpoker[.]com,domain
iqykwx[.]top,domain
iskandarx[.]com,domain
itaxbook[.]com,domain
iwasben[.]com,domain
ixoloans[.]com,domain
ixordiga[.]com,domain
izmirbfit[.]com,domain
jackieloi[.]com,domain
jalalibd[.]com,domain
japihonoo[.]com,domain
jasaceme[.]com,domain
jcduffy[.]com,domain
jdbelle[.]com,domain
jenny-yoo[.]com,domain
jhvug[.]cn,domain
jiguangjiasuqi[.]cn,domain
jiguangjsq[.]cn,domain
jiguangjsq[.]com,domain
jjqqyy[.]com,domain
jjufc[.]top,domain
jksvdavid[.]com,domain
jl-images[.]com,domain
jofostore[.]com,domain
jokerjuad[.]com,domain
jonefood[.]com,domain
jonubian[.]com,domain
joondr[.]com,domain
jordan720[.]com,domain
joshspice[.]com,domain
jovanpuyo[.]com,domain
jpatmgnt[.]com,domain
js2586[.]com,domain
jsnotai[.]com,domain
jsqbpmhq[.]com,domain
justoyeco[.]com,domain
jvrimages[.]com,domain
jwtcap[.]com,domain
jx-dele[.]com,domain
jxlotte[.]com,domain
kabuiroha[.]com,domain
kafra88[.]com,domain
kalamona[.]com,domain
kangalnet[.]com,domain
kaplyinc[.]com,domain
kauailian11[.]icu,domain
kauilian007[.]cc,domain
kawmart[.]com,domain
kd2he[.]com,domain
kdeweb[.]com,domain
ketsvpn[.]com,domain
kfbbjifre[.]cn,domain
khatinews[.]com,domain
kilianvpn[.]com,domain
kipkshsa[.]top,domain
kirjokas[.]com,domain
kissess4u[.]com,domain
kkmi1[.]top,domain
kkmi2[.]top,domain
kkmi3[.]top,domain
kkmi4[.]top,domain
kkmi5[.]top,domain
klestvpn[.]com,domain
kletsavpn[.]com,domain
kletscvpn[.]com,domain
kletssvpn[.]com,domain
kletsvpn[.]com,domain
kletsvvpn[.]com,domain
kletsxvpn[.]com,domain
kletszvpn[.]com,domain
klianvn[.]com,domain
klimesh[.]com,domain
kl-letsvpn[.]com,domain
kmjsq[.]cn,domain
kmjsq[.]com,domain
km-wave[.]com,domain
kodangi[.]com,domain
konthaiuk[.]com,domain
koranking[.]com,domain
kqitu[.]com,domain
kshitijaa[.]com,domain
ksqic[.]com,domain
kuaichencs[.]com,domain
kuaichengx[.]com,domain
kuaichengz[.]com,domain
kuailianb[.]com,domain
kuailiandown[.]com,domain
kuailianle[.]cc,domain
kuailian-lestvpn[.]com,domain
kuailianlow[.]com,domain
kuailianlow[.]top,domain
kuailian-news[.]com,domain
kuailiansvip[.]com,domain
kuailian-svip[.]com,domain
kuailianvipn[.]com,domain
kuailianvpn[.]biz,domain
kuai-lianvpn[.]com,domain
kuailianvpn0[.]com,domain
kuailianvpn2[.]com,domain
kuailianvpna[.]com,domain
kuailianvpnb[.]com,domain
kuailianvpndown[.]com,domain
kuailianvpn-letsvpn[.]com,domain
kuailianvpn-svip[.]com,domain
kuaillan[.]com,domain
kuaimiaoapn[.]com,domain
kuaimiaocpn[.]com,domain
kuaimiaojiasuqi[.]cn,domain
kuaimiaojiasuqi[.]com,domain
kuaimiaojsq[.]cn,domain
kuaimiaospn[.]com,domain
kuaimiaoxpn[.]com,domain
kuaimiaozpn[.]com,domain
kuaitvpn[.]com,domain
kumqum[.]com,domain
kuttut[.]com,domain
kuyhijrah[.]com,domain
kyels[.]com,domain
kytkws[.]com,domain
labalonso[.]com,domain
lacanja[.]com,domain
lakecerr[.]com,domain
lancilo[.]com,domain
landcro[.]com,domain
larkzn[.]com,domain
lastresa[.]com,domain
lazygoy[.]com,domain
lc333a[.]com,domain
lcufa[.]com,domain
ldlcall[.]com,domain
ldplayers[.]com,domain
ldplayerv[.]com,domain
leaffie[.]com,domain
ledian[.]top,domain
leidjes[.]top,domain
leirne[.]top,domain
leksvpn[.]com,domain
lemeiye[.]com,domain
lesatvpn[.]com,domain
lesetvpn[.]com,domain
lesntvpn[.]com,domain
lesstudi[.]com,domain
lesstvpn[.]com,domain
lestkvpn[.]com,domain
lestnvpn[.]com,domain
lestpvn[.]com,domain
lestsavpn[.]com,domain
lestscvpn[.]com,domain
lestsevpn[.]com,domain
lestskvpn[.]com,domain
lestsnvpn[.]com,domain
lestsovpn[.]com,domain
lestsuvpn[.]com,domain
lestsvpn[.]com,domain
lestsvvpn[.]com,domain
lestsxvpn[.]com,domain
lestszvpn[.]com,domain
lestvnpn[.]com,domain
lest-vpn[.]com,domain
lestvpn-kuailian[.]com,domain
lestvwpn[.]com,domain
letecsvpn[.]com,domain
letecvpn[.]com,domain
letescvpn[.]com,domain
leteskvpn[.]com,domain
letessvpn[.]com,domain
letestvpn[.]com,domain
letevvpn[.]com,domain
letexvpn[.]com,domain
letezvpn[.]com,domain
letsacvpn[.]com,domain
letsaevpn[.]com,domain
letsagvpn[.]com,domain
letsavvpn[.]com,domain
letsaxvpn[.]com,domain
letsazvpn[.]com,domain
letscavpn[.]com,domain
letscevpn[.]com,domain
letscgvpn[.]com,domain
letschvpn[.]com,domain
letsckvpn[.]com,domain
letscnvpn[.]com,domain
letscovpn[.]com,domain
letscsvpn[.]com,domain
letscuvpn[.]com,domain
letscxvpn[.]com,domain
letsczvpn[.]com,domain
letseavpn[.]com,domain
letsebvpn[.]com,domain
letsecvpn[.]com,domain
letsehvpn[.]com,domain
letsekvpn[.]com,domain
letselvpn[.]com,domain
letsenvpn[.]com,domain
letseovpn[.]com,domain
letsepvpn[.]com,domain
letsesvpn[.]com,domain
letsetvpn[.]com,domain
letseuvpn[.]com,domain
letsevvpn[.]com,domain
letsexvpn[.]com,domain
letsezvpn[.]com,domain
letskivpn[.]com,domain
letskkvpn[.]com,domain
letsklvpn[.]com,domain
letsknvpn[.]com,domain
letskovpn[.]com,domain
letskpvpn[.]com,domain
letskrvpn[.]com,domain
letsksvpn[.]com,domain
letskuailian[.]store,domain
letskuvpn[.]com,domain
letskvvpn[.]com,domain
letskwvpn[.]com,domain
letskxvpn[.]com,domain
letskzvpn[.]com,domain
letslkvpn[.]com,domain
letsnavpn[.]com,domain
letsnbvpn[.]com,domain
letsncvpn[.]com,domain
letsnkvpn[.]com,domain
letsnsvpn[.]com,domain
letsnvpn[.]com,domain
letsnvvpn[.]com,domain
letsnzvpn[.]com,domain
letspqm[.]top,domain
letsravpn[.]com,domain
letsrevpn[.]com,domain
letsrkvpn[.]com,domain
letsrnvpn[.]com,domain
letsrovpn[.]com,domain
letsrsvpn[.]com,domain
letsruvpn[.]com,domain
letsrvvpn[.]com,domain
letsrxvpn[.]com,domain
letsrzvpn[.]com,domain
letssavpn[.]com,domain
letsscvpn[.]com,domain
letssevpn[.]com,domain
letssgvpn[.]com,domain
letsskvpn[.]com,domain
letssnvpn[.]com,domain
letsspvpn[.]com,domain
letssuvpn[.]com,domain
letssvvpn[.]com,domain
letssxvpn[.]com,domain
letsszvpn[.]com,domain
letstavpn[.]com,domain
letstdvpn[.]com,domain
letstevpn[.]com,domain
letsthvpn[.]com,domain
letstkvpn[.]com,domain
letstnvpn[.]com,domain
letstuvpn[.]com,domain
letstvvpn[.]com,domain
letstxvpn[.]com,domain
letstzvpn[.]com,domain
letsukvpn[.]com,domain
letsvcpn[.]com,domain
letsvepn[.]com,domain
letsvipn[.]com,domain
letsvipvpn[.]com,domain
letsvkvpn[.]com,domain
letsvnpn[.]com,domain
letsvpncc[.]com,domain
letsvpnch[.]com,domain
letsvpn-chn[.]com,domain
letsvpndo[.]com,domain
letsvpngo[.]com,domain
letsvpnnews[.]com,domain
letsvpn-org[.]com,domain
letsvpn-svip[.]com,domain
letsvpn-vip[.]com,domain
levamir[.]com,domain
leviusa[.]com,domain
lichlair[.]com,domain
lik3ve[.]com,domain
lilikrist[.]com,domain
lineyki[.]com,domain
linkbot1[.]com,domain
linktago4[.]com,domain
lisesblog[.]com,domain
livemolly[.]com,domain
livialand[.]com,domain
lko888[.]com,domain
lo2aa[.]com,domain
locksion[.]com,domain
logogoon[.]com,domain
loopyc[.]com,domain
loryapps[.]com,domain
lostpeony[.]com,domain
lrdiaries[.]com,domain
luchynews[.]com,domain
luderx[.]com,domain
lukuvika[.]com,domain
lvyejiasuqi[.]cn,domain
lvyejiasuqi[.]com,domain
lvyejsq[.]cn,domain
lvyejsq[.]com,domain
lynnwei[.]com,domain
lztywn[.]com,domain
m0baopay[.]com,domain
machhad24[.]com,domain
macrokosm[.]com,domain
madatimes[.]com,domain
madtesla[.]com,domain
mailsz[.]top,domain
majgaj[.]com,domain
mak2chi[.]com,domain
mambogani[.]com,domain
manikako[.]com,domain
marcoqq[.]com,domain
marsoji[.]com,domain
masaoms[.]com,domain
matsicko[.]com,domain
mattchia[.]com,domain
mdadela[.]com,domain
megaahike[.]com,domain
megatesis[.]com,domain
melinweb[.]com,domain
met-babes[.]com,domain
mfcosmos[.]com,domain
mi163[.]top,domain
mialal[.]com,domain
midecoker[.]com,domain
milagro42[.]com,domain
mimilanie[.]com,domain
mitosvivo[.]com,domain
mjjbook[.]com,domain
mmoinn[.]com,domain
moatv01[.]com,domain
modhare[.]com,domain
modoosw[.]com,domain
mogantosh[.]com,domain
molinergd[.]com,domain
mompimp[.]com,domain
moneydibs[.]com,domain
morhabshi[.]com,domain
mosgran[.]com,domain
mosstoys[.]com,domain
mourener[.]com,domain
mplanit[.]com,domain
mrdeckard[.]com,domain
mrsmargot[.]com,domain
mt-babayo[.]com,domain
mtuoc[.]com,domain
mukgumpan[.]com,domain
mural21[.]com,domain
muscovie[.]com,domain
muthamae[.]com,domain
muumuu[.]top,domain
muytv[.]com,domain
my3dcg[.]com,domain
mylinkstv[.]com,domain
myranour[.]com,domain
mysite88[.]com,domain
naharga[.]com,domain
naif-sss[.]com,domain
namlat[.]com,domain
nannyspys[.]com,domain
natulec[.]com,domain
natulinea[.]com,domain
needterp[.]com,domain
nehasb[.]com,domain
newayajin[.]com,domain
newayst[.]com,domain
newelhome[.]com,domain
nextflyaz[.]com,domain
nikiada[.]com,domain
ningnaja[.]com,domain
niuwa2[.]com,domain
nkydl[.]com,domain
nojm5[.]com,domain
nokeremos[.]com,domain
nrxviagra[.]com,domain
ntuoss[.]com,domain
nukeufo89[.]com,domain
nuratiles[.]com,domain
nuro-art[.]com,domain
nuurdle[.]com,domain
nxtgenrap[.]com,domain
nyasnews[.]com,domain
oarbol[.]com,domain
oceanstud[.]com,domain
ochabet[.]com,domain
octeoria[.]com,domain
ogijobs[.]com,domain
oh-emma[.]com,domain
ohhdina[.]com,domain
ohmopress[.]com,domain
ohresepi[.]com,domain
okpaych[.]com,domain
okpaycn[.]com,domain
olgaknits[.]com,domain
omahtefa[.]com,domain
on9chat[.]com,domain
oogiez[.]xyz,domain
oostr[.]com,domain
oracl[.]top,domain
orayes[.]top,domain
orayis[.]top,domain
oreyz[.]top,domain
otegony[.]com,domain
otpaycn[.]com,domain
oviagra[.]com,domain
p99ampang[.]com,domain
pacoyhugo[.]com,domain
paleochix[.]com,domain
palyrria[.]com,domain
papotr[.]com,domain
parsmihan[.]com,domain
partyec[.]com,domain
pascualrl[.]com,domain
pashupets[.]com,domain
patomanco[.]com,domain
paulfuhr[.]com,domain
paulgabor[.]com,domain
pauraprod[.]com,domain
pccico[.]com,domain
pdawwg[.]com,domain
pdepereza[.]com,domain
pdxabc[.]com,domain
peaceppe[.]com,domain
pecenie[.]com,domain
pepsicity[.]com,domain
philssage[.]com,domain
piced[.]top,domain
pictie[.]top,domain
pillsme[.]com,domain
plasoku[.]com,domain
plguerin[.]com,domain
podermac[.]com,domain
pokeabdi[.]com,domain
pokepride[.]com,domain
popcling[.]com,domain
poppenx[.]com,domain
porr911[.]com,domain
pos4d123[.]com,domain
poteke[.]com,domain
potigirls[.]com,domain
pparkdom[.]com,domain
pride4us[.]com,domain
prodowns[.]com,domain
prohdporn[.]com,domain
proklev[.]com,domain
prtake[.]com,domain
purdinky[.]com,domain
pvdoing[.]com,domain
qdzcapp[.]xyz,domain
qee4all[.]com,domain
qompol[.]com,domain
qq1b[.]top,domain
qqcialis[.]com,domain
qqsgss[.]com,domain
qslstudio[.]com,domain
quikcq[.]top,domain
r2moving[.]com,domain
r2rmc[.]com,domain
raakkila[.]com,domain
rabidpr[.]com,domain
rafasimon[.]com,domain
rallysale[.]com,domain
rankjoa2[.]com,domain
ratuajaib[.]com,domain
refescore[.]com,domain
rejovasan[.]com,domain
rhribeiro[.]com,domain
rimibure[.]com,domain
river4dwn[.]com,domain
riyasaka[.]com,domain
rlevs[.]com,domain
rmmandb[.]com,domain
rng3v[.]top,domain
roneade[.]com,domain
rosssq[.]com,domain
rscbux[.]com,domain
rskdotiq[.]com,domain
rsl40[.]com,domain
rusfermer[.]com,domain
rv0777[.]com,domain
rvpoetry[.]com,domain
rzegfco[.]com,domain
sabazlan[.]com,domain
sadazaid[.]com,domain
safeas77[.]com,domain
safew[.]online,domain
safewv[.]top,domain
sailorine[.]com,domain
samatv24[.]com,domain
sancept[.]com,domain
satricky[.]com,domain
sattahelp[.]com,domain
sboarena[.]com,domain
seedole[.]com,domain
segurogta[.]com,domain
sehablade[.]com,domain
seriebkk[.]com,domain
sew-rite[.]com,domain
sexkeks[.]com,domain
seyantk[.]com,domain
sfpropose[.]com,domain
sfpxfpcfp[.]com,domain
sfztgz[.]com,domain
sgcausa[.]com,domain
sgklrm[.]com,domain
shandianjiasuqi[.]cn,domain
shandianjiasuqi[.]com,domain
shandianjsq[.]com,domain
shanggames[.]com,domain
shayujsq[.]cn,domain
sheepkf[.]com,domain
shoqase[.]com,domain
shtikl[.]com,domain
sijeka[.]com,domain
sikhspeak[.]com,domain
sikiublog[.]com,domain
simepk[.]com,domain
simplyut[.]com,domain
sivuca[.]com,domain
skyes1[.]top,domain
sl2uk[.]com,domain
sluv2[.]com,domain
slviagra[.]com,domain
smileyoo[.]com,domain
sngea[.]com,domain
sonalaec[.]com,domain
sonvuco[.]com,domain
soretoga[.]com,domain
sosswebb[.]com,domain
sosyalogi[.]com,domain
soundohio[.]com,domain
spaceboos[.]com,domain
sportsbng[.]com,domain
spreeblog[.]com,domain
sqdeco[.]com,domain
srboca[.]com,domain
srimgr[.]com,domain
ssamnet[.]com,domain
ssjplanet[.]com,domain
stacydoe[.]com,domain
stapons[.]com,domain
sterocore[.]com,domain
stgmetall[.]com,domain
stubbadub[.]com,domain
sunwarez[.]com,domain
superpva[.]com,domain
supurinto[.]com,domain
sutz0dq[.]top,domain
swejazz[.]com,domain
taasg[.]com,domain
tadacipla[.]com,domain
taloluck[.]com,domain
tangjihz[.]com,domain
tat-ology[.]com,domain
taufp6[.]top,domain
tawakun[.]com,domain
tdsek[.]top,domain
tekboe[.]com,domain
telegramweb[.]fun,domain
telegramweb[.]ltd,domain
thaoandli[.]com,domain
theamaraz[.]com,domain
theipu[.]com,domain
thenzp[.]com,domain
thevkinfo[.]com,domain
thkjzc[.]com,domain
tianxingjiasuqi[.]cn,domain
tjdxdgg[.]com,domain
tmourning[.]com,domain
todeksx[.]top,domain
todekx[.]top,domain
todeskeq[.]top,domain
todeskzx[.]top,domain
todinhhop[.]com,domain
todske[.]top,domain
tokomira[.]com,domain
tommakau[.]com,domain
tosunlab[.]com,domain
totogogo1[.]com,domain
tp4ww[.]com,domain
tracyxo[.]com,domain
translategoogle[.]top,domain
translatgooglefyng[.]top,domain
transleasy[.]top,domain
traveleor[.]com,domain
trikasik[.]com,domain
tripfabio[.]com,domain
triwww[.]com,domain
troutdiva[.]com,domain
ts911plus[.]com,domain
tsdblogs[.]com,domain
tslatgooglefyng8[.]top,domain
ttvcc[.]com,domain
tuilianke[.]com,domain
tumayig[.]com,domain
tuspdf[.]com,domain
tvboxbg[.]com,domain
twtmag[.]com,domain
txjsq[.]com,domain
uehxu[.]shop,domain
ufa1819[.]com,domain
ugg-mall[.]com,domain
ukpaycn[.]com,domain
ullfoll[.]com,domain
ummikoki[.]com,domain
up2cracks[.]com,domain
upc-ube[.]com,domain
uppaycn[.]com,domain
urkobtt[.]com,domain
utopiamas[.]com,domain
uyoyahya[.]com,domain
v66vivo[.]com,domain
valiantho[.]com,domain
vejm60[.]top,domain
verttuyau[.]com,domain
viagraam[.]com,domain
viagradex[.]com,domain
viggossi[.]com,domain
violarium[.]com,domain
viuvidio[.]com,domain
voyaparis[.]com,domain
w6vsw12[.]com,domain
watson37[.]com,domain
waxnkicks[.]com,domain
wdi-th[.]com,domain
web-letsvpn[.]com,domain
webnedio[.]com,domain
weeblys[.]com,domain
wetbetty[.]com,domain
wferreira[.]com,domain
whastocp[.]top,domain
whatsappweb[.]store,domain
whatsappweb[.]wang,domain
wikijojo[.]com,domain
willahome[.]com,domain
winiscab[.]com,domain
winner321[.]com,domain
wjfsports[.]com,domain
wmcazino[.]com,domain
wmfutbol[.]com,domain
wooahpet[.]com,domain
wopred[.]com,domain
wpfosterx[.]com,domain
wpsq[.]xyz,domain
wpsso[.]top,domain
wpszx[.]top,domain
wpzs[.]xyz,domain
wspoo[.]top,domain
wuxikezhu[.]com,domain
wyunm[.]top,domain
x21ids[.]com,domain
x4radio[.]com,domain
xanarts[.]com,domain
xeitosas[.]com,domain
xggf[.]shop,domain
xhmxgg[.]com,domain
xhonk[.]com,domain
xiaohuojianjiasuqi[.]cn,domain
xiaohuojianjsq[.]cn,domain
xiaohuojianjsq[.]com,domain
xmengapp[.]top,domain
xo3895[.]com,domain
xrisima[.]com,domain
xsviagra[.]com,domain
xtremefp[.]com,domain
xtubegirl[.]com,domain
yeepays[.]top,domain
yeepays[.]xyz,domain
yijfu[.]com,domain
yikahook[.]com,domain
yilufac[.]cyou,domain
yipikayei[.]com,domain
yomuslim[.]com,domain
ytbondhot[.]com,domain
ytsanniu[.]com,domain
yudulife[.]com,domain
ywashst[.]com,domain
z42f1m[.]top,domain
zacpicto[.]com,domain
zelslon[.]com,domain
zhanxb[.]com,domain
zhaozifang[.]com,domain
zhufeikeji[.]com,domain
zoieart[.]com,domain
zoopayne[.]com,domain
zorkhun[.]com,domain
zubrowska[.]com,domain
zumacaya[.]com,domain
zzyewei[.]com,domain
,
http[:]//kl[.]sxlaowan[.]top/letsv-latest[.]msi,file URL
https[:]//2345pic[.]com/2345pic_x64_v11[.]5[.]0[.]11638[.]zip,file URL
https[:]//2345picc[.]com/2345pic_x64_v11[.]5[.]0[.]11638[.]zip,file URL
https[:]//2345ppic[.]com/2345pic_x64_v11[.]5[.]0[.]11638[.]zip,file URL
https[:]//adspowerch[.]com/AdsPower-Global-7[.]3[.]26-x64[.]zip,file URL
https[:]//adspowercn[.]com/AdsPower-Global-7[.]3[.]26-x64[.]zip,file URL
https[:]//b0ehxmz[.]oss-ap-southeast-1[.]aliyuncs[.]com/wps_inst-x64[.]3[.]4[.]21[.]zip,file URL
https[:]//basarnj[.]oss-ap-southeast-1[.]aliyuncs[.]com/Win64%20-%20LetsPro[.]7z,file URL
https[:]//cchrrome[.]com/Chrome[.]zip,file URL
https[:]//chrome-chn[.]com/CnormeSetup[.]zip,file URL
https[:]//chrome-googles[.]com/ChromeSetup[.]zip,file URL
https[:]//chrome-svip[.]com/CnormeSetup[.]zip,file URL
https[:]//chrrome[.]com/Chrome[.]zip,file URL
https[:]//clash-github[.]com/Clash[.]for[.]Windows[.]zip,file URL
https[:]//clash-xhub[.]com/Clash[.]for[.]Windows[.]zip,file URL
https[:]//clash-zh[.]cn/Clash[.]for[.]Windows[.]Setup[.]0[.]20[.]39[.]exe,file URL
https[:]//clashrc[.]com/Clash[.]for[.]Windows[.]zip,file URL
https[:]//clashrv[.]com/Clash[.]for[.]Windows[.]zip,file URL
https[:]//clashrx[.]com/Clash[.]for[.]Windows[.]zip,file URL
https[:]//clashxhnb[.]com/Clash[.]for[.]Windows[.]zip,file URL
https[:]//clashxhu[.]com/Clash[.]for[.]Windows[.]zip,file URL
https[:]//clashxub[.]com/Clash[.]for[.]Windows[.]zip,file URL
https[:]//clashzh[.]cn/Clash[.]for[.]Windows[.]Setup[.]0[.]20[.]39[.]exe,file URL
https[:]//d2g2a3g6fn6aza[.]cloudfront[.]net/android/letsvpn-latest[.]apk,file URL
https[:]//d2g2a3g6fn6aza[.]cloudfront[.]net/mac/letsvpn-latest[.]dmg,file URL
https[:]//dkkjs4[.]top/xingin[.]xhs_2100100017_installer[.]zip,file URL
https[:]//dkkjs5[.]top/biliSetups64[.]zip,file URL
https[:]//downb[.]andyvpn2[.]com/andy458[.]apk,file URL
https[:]//downb[.]andyvpn2[.]com/andy47[.]dmg,file URL
https[:]//downb[.]andyvpn2[.]com/andy49[.]exe,file URL
https[:]//download[.]dwladold[.]xyz/android/letsvpn-latest[.]apk,file URL
https[:]//download[.]dwladold[.]xyz/mac/letsvpn-latest[.]dmg,file URL
https[:]//evtjqfmg[.]com/T0dsk_instaill_9[.]2[.]0[.]1[.]zip,file URL
https[:]//eyy250[.]store/Eyy1[.]30[.]6[.]rar,file URL
https[:]//eyy888[.]oss-cn-hongkong[.]aliyuncs[.]com/Eyy1[.]30[.]6[.]rar,file URL
https[:]//eyyww650[.]top/Yiwei-Ve-x64[.]5[.]5[.]6[.]zip,file URL
https[:]//fdehwuirz[.]oss-ap-southeast-1[.]aliyuncs[.]com/WinRar5[.]9[.]0_Setup[.]zip,file URL
https[:]//galerie53[.]com/andy458[.]apk,file URL
https[:]//galerie53[.]com/andy47[.]dmg,file URL
https[:]//galerie53[.]com/andy49[.]exe,file URL
https[:]//gelonorte[.]com/andy458[.]apk,file URL
https[:]//gelonorte[.]com/andy47[.]dmg,file URL
https[:]//gelonorte[.]com/andy49[.]exe,file URL
https[:]//goddytown[.]com/andy458[.]apk,file URL
https[:]//goddytown[.]com/andy47[.]dmg,file URL
https[:]//goddytown[.]com/andy49[.]exe,file URL
https[:]//googelchrome[.]com/Chrome[.]zip,file URL
https[:]//google-chn[.]com/CnormeSetup[.]zip,file URL
https[:]//google-svip[.]com/CnormeSetup[.]zip,file URL
https[:]//google-windows[.]com/CnormeSetup[.]zip,file URL
https[:]//googleapp-cn[.]com/CnormeSetup[.]zip,file URL
https[:]//googleapps-ch[.]com/ChromeSetup[.]zip,file URL
https[:]//googleapps-ch[.]com/CnromeSetup[.]zip,file URL
https[:]//googleapps-org[.]com/ChromeSetup[.]zip,file URL
https[:]//googleapps-org[.]com/CnromeSetup[.]zip,file URL
https[:]//googlechrome-org[.]com/ChromeSetup[.]zip,file URL
https[:]//googlechrome-org[.]com/CnromeSetup[.]zip,file URL
https[:]//googleechrome[.]com/udify[.]app,file URL
https[:]//googlenchrome[.]com/Chrome[.]zip,file URL
https[:]//googlerchrome[.]com/Chrome[.]zip,file URL
https[:]//googletchrome[.]com/Chrome[.]zip,file URL
https[:]//googlevchrome[.]com/Chrome[.]zip,file URL
https[:]//googlezchrome[.]com/Chrome[.]zip,file URL
https[:]//googlhchrome[.]com/Chrome[.]zip,file URL
https[:]//googolchrome[.]com/Chrome[.]zip,file URL
https[:]//gouglechrome[.]com/Chrome[.]zip,file URL
https[:]//grille91[.]com/andy458[.]apk,file URL
https[:]//grille91[.]com/andy47[.]dmg,file URL
https[:]//grille91[.]com/andy49[.]exe,file URL
https[:]//guoglechrome[.]com/Chrome[.]zip,file URL
https[:]//guuglechrome[.]com/Chrome[.]zip,file URL
https[:]//hkkkkok[.]oss-cn-hongkong[.]aliyuncs[.]com/ld_mnq_guangwang_v2[.]9[.]zip,file URL
https[:]//kauailian11[.]icu/Kl[.]zip,file URL
https[:]//kauailian11[.]icu/kl1[.]zip,file URL
https[:]//kauilian007[.]cc/Kl[.]zip,file URL
https[:]//kauilian007[.]cc/kl1[.]zip,file URL
https[:]//kl-letsvpn[.]com/letsvpn[.]zip,file URL
https[:]//kuai-lianvpn[.]com/kuvp-n[.]zip,file URL
https[:]//kuailian-svip[.]com/windows[.]zip,file URL
https[:]//kuailiansvip[.]com/windows[.]zip,file URL
https[:]//kuailianvpn[.]biz/Windows[.]zip,file URL
https[:]//kuailianvpn2[.]com/letsvpn[.]zip,file URL
https[:]//kuailianvpnb[.]com/kuvp-n[.]zip,file URL
https[:]//kuaillan[.]com/Windows[.]zip,file URL
https[:]//kuttut[.]com/andy458[.]apk,file URL
https[:]//kuttut[.]com/andy47[.]dmg,file URL
https[:]//kuttut[.]com/andy49[.]exe,file URL
https[:]//larkzn[.]com/Lark-win32_x64-7[.]44[.]13-signed[.]zip,file URL
https[:]//leidjes[.]top/ld_mnq_guangwang_v2[.]9[.]zip,file URL
https[:]//lest-vpn[.]com/kuvp-n[.]zip,file URL
https[:]//letecsvpn[.]com/lets-test[.]zip,file URL
https[:]//leteskvpn[.]com/let-ch-test[.]zip,file URL
https[:]//letessvpn[.]com/lets-test[.]zip,file URL
https[:]//letestvpn[.]com/lets-test[.]zip,file URL
https[:]//letssgvpn[.]com/lets_软件安装[.]zip,file URL
https[:]//letsskvpn[.]com/Windows[.]zip,file URL
https[:]//letsspvpn[.]com/lets-test[.]zip,file URL
https[:]//letstuvpn[.]com/Windows[.]zip,file URL
https[:]//letsvepn[.]com/letsvpn-3[.]14[.]3[.]zip,file URL
https[:]//letsvnpn[.]com/Iatsvpn-Latest[.]zip,file URL
https[:]//letsvpn-org[.]com/letsvpn[.]zip,file URL
https[:]//letsvpn-vip[.]com/let-ch-test[.]zip,file URL
https[:]//letsvpn[.]luxe/Win64%20-%20LetsPro[.]7z,file URL
https[:]//letsvpncc[.]com/lets_软件安装[.]zip,file URL
https[:]//letsvpnch[.]com/windows[.]zip,file URL
https[:]//letsvpngo[.]com/Windows[.]zip,file URL
https[:]//lichlair[.]com/andy458[.]apk,file URL
https[:]//lichlair[.]com/andy47[.]dmg,file URL
https[:]//lichlair[.]com/andy49[.]exe,file URL
https[:]//linkbot1[.]com/andy458[.]apk,file URL
https[:]//linkbot1[.]com/andy47[.]dmg,file URL
https[:]//linkbot1[.]com/andy49[.]exe,file URL
https[:]//niuniuehilkswk[.]oss-ap-southeast-1[.]aliyuncs[.]com/%E6%AF%94%E7%89%B9%E6%B5%8F%E8%A7%88%E5%99%A8%20Setup%207[.]0[.]5[.]zip,file URL
https[:]//nj73np1d[.]oss-ap-southeast-1[.]aliyuncs[.]com/i4Too8[.]zip,file URL
https[:]//pub-04959d9029f340cfbb0f6849c1b75e7d[.]r2[.]dev/Yiwei-Ve-x64[.]5[.]5[.]6[.]zip,file URL
https[:]//pub-fa57262cb70c48bdb9131ca0af874289[.]r2[.]dev/Flis1[.]zip,file URL
https[:]//pub-fa57262cb70c48bdb9131ca0af874289[.]r2[.]dev/cgocmo[.]zip,file URL
https[:]//s3[.]ap-east-1[.]amazonaws[.]com/fuainfagk[.]aws/haoya_wangneng_36sutep[.]zip,file URL
https[:]//s3trrreow-s3-oss[.]top/Axs_win7-11_YWWmobirads_255[.]63[.]zip,file URL
https[:]//sss255-1357291809[.]cos[.]ap-hongkong[.]myqcloud[.]com/NeteaseCloud[.]zip,file URL
https[:]//sss255-1357291809[.]cos[.]ap-hongkong[.]myqcloud[.]com/bili_win-install[.]zip,file URL
https[:]//usaktfs66[.]oss-us-east-1[.]aliyuncs[.]com/gsdfg235dadfg[.]zip,file URL
https[:]//weeblys[.]com/andy458[.]apk,file URL
https[:]//weeblys[.]com/andy47[.]dmg,file URL
https[:]//weeblys[.]com/andy49[.]exe,file URL
https[:]//wikijojo[.]com/andy458[.]apk,file URL
https[:]//wikijojo[.]com/andy47[.]dmg,file URL
https[:]//wikijojo[.]com/andy49[.]exe,file URL
https[:]//winner321[.]com/andy458[.]apk,file URL
https[:]//winner321[.]com/andy47[.]dmg,file URL
https[:]//winner321[.]com/andy49[.]exe,file URL
https[:]//wjfsports[.]com/andy458[.]apk,file URL
https[:]//wjfsports[.]com/andy47[.]dmg,file URL
https[:]//wjfsports[.]com/andy49[.]exe,file URL
https[:]//wmcazino[.]com/andy458[.]apk,file URL
https[:]//wmcazino[.]com/andy47[.]dmg,file URL
https[:]//wmcazino[.]com/andy49[.]exe,file URL
https[:]//wopred[.]com/andy458[.]apk,file URL
https[:]//wopred[.]com/andy47[.]dmg,file URL
https[:]//wopred[.]com/andy49[.]exe,file URL
https[:]//www[.]gah566w6wefbhawo[.]top/yybawofghe/biliSetups64[.]zip,file URL
https[:]//x21ids[.]com/andy458[.]apk,file URL
https[:]//x21ids[.]com/andy47[.]dmg,file URL
https[:]//x21ids[.]com/andy49[.]exe,file URL
https[:]//xeitosas[.]com/andy458[.]apk,file URL
https[:]//xeitosas[.]com/andy47[.]dmg,file URL
https[:]//xeitosas[.]com/andy49[.]exe,file URL
https[:]//xo3895[.]com/andy458[.]apk,file URL
https[:]//xo3895[.]com/andy47[.]dmg,file URL
https[:]//xo3895[.]com/andy49[.]exe,file URL
https[:]//yomuslim[.]com/andy458[.]apk,file URL
https[:]//yomuslim[.]com/andy47[.]dmg,file URL
https[:]//yomuslim[.]com/andy49[.]exe,file URL
https[:]//ytbondhot[.]com/andy458[.]apk,file URL
https[:]//ytbondhot[.]com/andy47[.]dmg,file URL
https[:]//ytbondhot[.]com/andy49[.]exe,file URL
https[:]//ytsanniu[.]com/andy458[.]apk,file URL
https[:]//ytsanniu[.]com/andy47[.]dmg,file URL
https[:]//ytsanniu[.]com/andy49[.]exe,file URL
https[:]//ywashst[.]com/andy458[.]apk,file URL
https[:]//ywashst[.]com/andy47[.]dmg,file URL
https[:]//ywashst[.]com/andy49[.]exe,file URL
https[:]//v66vivo[.]com/assets/download/Winsetuips[.]vnk4[.]0_v1-wim[.]rar,file URL
https[:]//letspqm[.]top/assets/download/setup[.]exe,file URL
https[:]//yeepays[.]xyz/assets/download/收银台权限[.]exe,file URL
https[:]//ledian[.]top/assets/download/setup[.]exe,file URL
https[:]//yijfu[.]com/assets/download/LLSecurityPayEditEdge[.]exe,file URL
https[:]//8318188vip[.]com/assets/download/letspn-latest8[.]zip,file URL
https[:]//aiz4[.]top/assets/download/setup[.]exe,file URL
https[:]//web-letsvpn[.]com/assets/download/weuyrletstt31-64[.]zip,file URL
,
a85560604201fdda1ba331fcdad567670c8a95425b82af3532701d8e8c0d5633 59207c3ea7c3a802e54c5ca10e37c9191bc888e60802d1f3df01e3d7fd10b3a0 c72d6f9a31391d8348884f46953c79446cb2b67e1ce8c82569166fee6d14be50 3dddf7348a39620031621e3f22607af38df1d44b8da1aa77d6607a93b1ce0d53 50bbf659a01b21b5a154356ac7380244e06550e0740ad117e5940ba93802eac5 3a7a8a1d7d8805d7cce56f269bee2b3ab871b736e4a2b2920907c23bcab6fee5 8ab81b299c604a0204aa7cee703a751f0b731e995caf478e759da66da262d953 b6d4297f6515669655846c290fddbcc83ee85433ca8fe2e0820ab71b9e7b3988 978ac63c1811be703c062523815e28203267e5a139595ab2d841465d2dbf433f 9da844ef04c6a197bac7aba46c4eeedc65b819e1b57657302fe069ccaf9459b7 a376a46fa8487034471cbc2f55fdd422cff7245bff6134b687eea633d043f429 ac3567d470dc2732ee7569230e4122da13f7d013ccec10c65332d84dc7ba3b47 02082547c01720f7bfbd8d2755482002370ea86473e7e2746d5e311b864f6041 bb2103355b6eec6cfae2ddb734c0fc6f27b76691c017564ebc8b01a508a55ba0 bc6dbebebca90a3ae72c289cfdb24332c720e0a4701db17a7106e2ddd56249ce bcd079fe5135a1ba36b30b47db43f530686c1994020fb7a43f0d3c7a0c63652a c3d191ab44488c2cb12ec3a9f253488798a9ed5c9f5a25e215642f66f160f05e fc0b7d3278b307a1c89fbe6b671b118a9420e473c7ecc652015e1c6060c103ed 8d90e434c7f9b1f2d57a53e11ce7ff4b46ff8f06469f7e7362495d7e02f55c8d 74e4e4dc29cfeb85291e7e35b46ce1b2acb83a8e298d4ee694244197d2dde7d2  045ee1f301ca66cedf880b9e262e3995fa847a6336851b235cb5192cb48a605f 732228fcced5f43392280a823a6112d79f65062286e30726abe120a60c492fa8 6f23ad03d251c4b7bc749dfe7d6d7ae84aacd944f623eaf2f6b3729973b34d52 648e6660e59dee1bf75f7114a99ebbb55dabe714561e58bcc4aa6d00e5ac2cdb 5e4d365f4ae2be2a6ad275e4cdf2134458e15d6296254e68cf097e1810723a10 5ac47f87971c060b00fca8066f956c09233b440cc3e3aba546bce1474ef55577 5940d2e6105fe10b82184303dfde36ab2f472df169cda70b0e04cbb1977d3203   fd25e2dcc5a41026a0d6c3624bb99406b8613856db202617d388d5bf2069c163,hash
e35a10734b98cf0aa4ad1e7996e6e0f1ba1d43f52a96ef902c959a0aded309e3,hash
711bc363042dfbc31925191f8b30bf1d0f13dc999293ae8100b442c68d7ae393,hash
46ca77ef7e1de0dd201811ef698b9c011ee7b82d8fe26469aeacc241be665a4c,hash
1f707fd94c88dd4cbd475e27645bd31dce0875f8877b60d56ae8f0daaac8d3ca,hash
5b3c23b33068fda1e098a9dc90b148f7c94014d17ae3804b8f03c9b57dd25172,hash
fa3b5be98f3aacabf7952e4255c1e4835cee1faf66358d2cfe241df7d9231f27,hash
1f946a4714e8b05d449b4cb75ad0c711c630260075e67dd2adad307b49f9f4c6,hash
21a0b62adc71b276a5bc8a3170ab6e315ac2c0afe8795cfeade8461f00a804d2,hash
7e0f6a973c1a94a6dbd2291869d85e200dcf50fe375593676219726a0e5964da,hash