siliconvalleybankfilm[.]com,siliconvalleybankfilm.com
siliconvalleybankcrash[.]com,siliconvalleybankcrash.com
siliconvalleybankcollaps[.]com,siliconvalleybankcollaps.com
siliconvalleybankcolapse[.]com,siliconvalleybankcolapse.com
siliconvalleyfederalbank[.]us,siliconvalleyfederalbank.us
silliconvalley[.]ink,silliconvalley.ink
siliconvalleyfederalbank[.]net,siliconvalleyfederalbank.net
siliconvalleybank-usdc[.]com,siliconvalleybank-usdc.com
siliconvalleybonk[.]com,siliconvalleybonk.com
ziliconvalley[.]sk,ziliconvalley.sk
siliconvalleybankcustomerservice[.]com,siliconvalleybankcustomerservice.com
siliconvalleybankhelp[.]com,siliconvalleybankhelp.com
siliconvalleyentrepreneursbank[.]com,siliconvalleyentrepreneursbank.com
siliconvalleybankcreditors[.]com,siliconvalleybankcreditors.com
siliconvalleyentrepreneurbank[.]com,siliconvalleyentrepreneurbank.com
siliconvalleybankclasaction[.]com,siliconvalleybankclasaction.com
wwwsiliconvalleybankclassaction[.]com,wwwsiliconvalleybankclassaction.com
siliconvalleybankfailures[.]com,siliconvalleybankfailures.com
siliconvalleybanksettlement[.]com,siliconvalleybanksettlement.com
siliconvalleybank[.]xyz,siliconvalleybank.xyz
siliconvalleybank[.]lol,siliconvalleybank.lol
siliconvalleyfederalbank[.]biz,siliconvalleyfederalbank.biz
siliconvalleyfederalbank[.]lol,siliconvalleyfederalbank.lol
siliconvalleybankmovie[.]com,siliconvalleybankmovie.com
siliconvalleybank[.]biz,siliconvalleybank.biz
siliconvalleybn[.]com,siliconvalleybn.com
siliconvalleybanklawsuit[.]com,siliconvalleybanklawsuit.com
siliconvalleybankclassaction[.]com,siliconvalleybankclassaction.com
siliconvalleybankreceivershipcertificate[.]com,siliconvalleybankreceivershipcertificate.com
siliconvalleybankcollapse[.]com,siliconvalleybankcollapse.com
siliconvalleybust[.]com,siliconvalleybust.com
svbbankrun2023[.]com,svbbankrun2023.com
svbalternative[.]com,svbalternative.com
svbankcollapseclaimants[.]com,svbankcollapseclaimants.com
svbankclassaction[.]com,svbankclassaction.com
svbankcollapselawsuit[.]com,svbankcollapselawsuit.com
svbanklawsuit[.]com,svbanklawsuit.com
svblawsuits[.]com,svblawsuits.com
svb-cash[.]com,svb-cash.com
svbanklegal[.]com,svbanklegal.com
svbfdic[.]com,svbfdic.com
svbwiki[.]com,svbwiki.com
svbankcollapse[.]com,svbankcollapse.com
svbankcollapseclaims[.]com,svbankcollapseclaims.com
svbcollapseexplained[.]com,svbcollapseexplained.com
banksvb[.]com,banksvb.com
svbdeposit.fyi,svbdeposit.fyi
svbcollapse[.]net,svbcollapse.net
svbbailout[.]org,svbbailout.org
fucksvb[.]com,fucksvb.com
svbcoin[.]xyz,svbcoin.xyz
svbchain[.]xyz,svbchain.xyz
svb-usdc[.]com,svb-usdc.com
svb-usdc[.]net,svb-usdc.net
svbfailure[.]com,svbfailure.com
svbopenletter[.]com,svbopenletter.com
svbplaintiffs[.]com,svbplaintiffs.com
svbinfo[.]com,svbinfo.com
svbbankrun[.]com,svbbankrun.com
svbrecovery[.]com,svbrecovery.com
svbmeltdown[.]fyi,svbmeltdown.fyi
wefundsvbclients[.]com,wefundsvbclients.com
svbreceivership[.]com,svbreceivership.com
svblogin[.]com,svblogin.com